-- phpMyAdmin SQL Dump
-- version 5.2.1
-- https://www.phpmyadmin.net/
--
-- Servidor: 127.0.0.1
-- Tiempo de generación: 21-10-2023 a las 04:05:27
-- Versión del servidor: 10.4.28-MariaDB
-- Versión de PHP: 8.2.4

SET SQL_MODE = "NO_AUTO_VALUE_ON_ZERO";
START TRANSACTION;
SET time_zone = "+00:00";


/*!40101 SET @OLD_CHARACTER_SET_CLIENT=@@CHARACTER_SET_CLIENT */;
/*!40101 SET @OLD_CHARACTER_SET_RESULTS=@@CHARACTER_SET_RESULTS */;
/*!40101 SET @OLD_COLLATION_CONNECTION=@@COLLATION_CONNECTION */;
/*!40101 SET NAMES utf8mb4 */;

--
-- Base de datos: `market-pos`
--

DELIMITER $$
--
-- Procedimientos
--
CREATE DEFINER=`root`@`localhost` PROCEDURE `pcr_ListarProductosPocoStock` ()   BEGIN
select p.codigo_producto,
	   p.descripcion_producto,
       p.stock_producto,
       p.minimo_stock_producto
from productos p
where p.stock_producto <= p.minimo_stock_producto
order by p.stock_producto asc;
END$$

CREATE DEFINER=`root`@`localhost` PROCEDURE `prc_eliminar_venta` (IN `p_nro_boleta` VARCHAR(8))   BEGIN

DECLARE v_codigo VARCHAR(20);
DECLARE v_cantidad FLOAT;
DECLARE done INT DEFAULT FALSE;
DECLARE cursor_i CURSOR FOR 
SELECT codigo_producto,cantidad 
FROM venta_detalle 
where CAST(nro_boleta AS CHAR CHARACTER SET utf8)  = CAST(p_nro_boleta AS CHAR CHARACTER SET utf8) ;

DECLARE CONTINUE HANDLER FOR NOT FOUND SET done = TRUE;

OPEN cursor_i;
read_loop: LOOP
FETCH cursor_i INTO v_codigo, v_cantidad;

	IF done THEN
	  LEAVE read_loop;
	END IF;
    
    UPDATE PRODUCTOS 
       SET stock_producto = stock_producto + v_cantidad
    WHERE CAST(codigo_producto AS CHAR CHARACTER SET utf8) = CAST(v_codigo AS CHAR CHARACTER SET utf8);

END LOOP;
CLOSE cursor_i;

DELETE FROM VENTA_DETALLE WHERE CAST(nro_boleta AS CHAR CHARACTER SET utf8) = CAST(p_nro_boleta AS CHAR CHARACTER SET utf8) ;
DELETE FROM VENTA_CABECERA WHERE CAST(nro_boleta AS CHAR CHARACTER SET utf8)  = CAST(p_nro_boleta AS CHAR CHARACTER SET utf8) ;

SELECT 'Se eliminó correctamente la venta';
END$$

CREATE DEFINER=`root`@`localhost` PROCEDURE `prc_ListarProductos` ()   BEGIN
select '' as detalles,
		p.id,
        p.codigo_producto,
        c.id_categoria,
        c.nombre_categoria,
        p.descripcion_producto,
        ROUND(p.precio_compra_producto,2) as precio_compra,
        ROUND(P.precio_venta_producto,2) as precio_venta,
        ROUND(p.utilidad,2) as utilidad,
        case when c.aplica_peso = 1 then concat(p.stock_producto,' Kg(s)') else 
concat(p.stock_producto,' Und(s)') end as stock,
		case when c.aplica_peso = 1 then concat(p.minimo_stock_producto,' Kg(s)') else 
concat(p.minimo_stock_producto,' Und(s)') end as minimo_stock,
		case when c.aplica_peso = 1 then concat(p.ventas_producto,' Kg(s)') else 
concat(p.ventas_producto,' Und(s)') end as ventas,
		p.fecha_creacion_producto,
        p.fecha_actualizacion_producto,
        '' as opciones
from productos p inner join categorias c on p.id_categoria_producto = c.id_categoria order by p.id desc;
END$$

CREATE DEFINER=`root`@`localhost` PROCEDURE `prc_ListarProductosMasVendidos` ()   BEGIN

select p.codigo_producto,
	   p.descripcion_producto,
       sum(vd.cantidad) as cantidad,
       sum(Round(vd.total_venta,2)) as total_venta
from venta_detalle vd inner join productos p on vd.codigo_producto = p.codigo_producto 
group by p.codigo_producto,
		 p.descripcion_producto
order by sum(Round(vd.total_venta,2)) DESC
limit 10;

END$$

CREATE DEFINER=`root`@`localhost` PROCEDURE `prc_ObtenerDatosDashboard` ()   BEGIN
declare totalProductos int;
declare totalCompras float;
declare totalVentas float;
declare ganancias float;
declare productosPocoStock int;
declare ventasHoy float;

SET totalProductos = (SELECT count(*) FROM productos p);
SET totalCompras = (select sum(p.precio_compra_producto*p.stock_producto) from productos p);
set totalVentas = (select sum(vc.total_venta) from venta_cabecera vc where EXTRACT(MONTH FROM vc.fecha_venta) = EXTRACT(MONTH FROM curdate()) and EXTRACT(YEAR FROM vc.fecha_venta) = EXTRACT(YEAR FROM curdate()));
set ganancias = (select sum(vd.total_venta - (p.precio_compra_producto * vd.cantidad)) from venta_detalle vd inner join productos p on vd.codigo_producto = p.codigo_producto
                 where EXTRACT(MONTH FROM vd.fecha_venta) = EXTRACT(MONTH FROM curdate()) and EXTRACT(YEAR FROM vd.fecha_venta) = EXTRACT(YEAR FROM curdate()));
set productosPocoStock = (select count(1) from productos p where p.stock_producto <= p.minimo_stock_producto);
set ventasHoy = (select sum(vc.total_venta) from venta_cabecera vc where vc.fecha_venta = curdate());

SELECT IFNULL(totalProductos,0) AS totalProductos,
	   IFNULL(ROUND(totalCompras,2),0) AS totalCompras,
       IFNULL(ROUND(totalVentas,2),0) AS totalVentas,
       IFNULL(ROUND(ganancias,2),0) AS ganancias,
       IFNULL(productosPocoStock,0) AS productosPocoStock,
       IFNULL(ROUND(ventasHoy,2),0) AS ventasHoy;

END$$

CREATE DEFINER=`root`@`localhost` PROCEDURE `prc_obtenerNroBoleta` ()  NO SQL select serie_boleta,
	ifnull(LPAD(max(c.nro_correlativo_venta)+1,8,'0'),'00000001') nro_venta
from empresa c$$

CREATE DEFINER=`root`@`localhost` PROCEDURE `prc_ObtenerVentasMesActual` ()  NO SQL BEGIN

SELECT date(vc.fecha_venta) as fecha_venta,
		sum(round(vc.total_venta,2)) as total_venta
FROM venta_cabecera vc
where date(vc.fecha_venta) >= date(last_day(now() -
INTERVAL 1 month) + INTERVAL 1 day)
and date(vc.fecha_venta)
         <= last_day(date(CURRENT_DATE))
group by date(vc.fecha_venta);
END$$

DELIMITER ;

-- --------------------------------------------------------

--
-- Estructura de tabla para la tabla `categorias`
--

CREATE TABLE `categorias` (
  `id_categoria` int(11) NOT NULL,
  `nombre_categoria` text DEFAULT NULL,
  `aplica_peso` int(11) NOT NULL,
  `fecha_creacion_categoria` timestamp NOT NULL DEFAULT current_timestamp() ON UPDATE current_timestamp(),
  `fecha_actualizacion_categoria` date DEFAULT NULL
) ENGINE=InnoDB DEFAULT CHARSET=utf8 COLLATE=utf8_spanish_ci;

--
-- Volcado de datos para la tabla `categorias`
--

INSERT INTO `categorias` (`id_categoria`, `nombre_categoria`, `aplica_peso`, `fecha_creacion_categoria`, `fecha_actualizacion_categoria`) VALUES
(1, 'Jamon', 1, '2023-10-20 23:11:34', '2023-10-21');

-- --------------------------------------------------------

--
-- Estructura de tabla para la tabla `empresa`
--

CREATE TABLE `empresa` (
  `id_empresa` int(11) NOT NULL,
  `razon_social` text NOT NULL,
  `ruc` bigint(20) NOT NULL,
  `direccion` text NOT NULL,
  `marca` text NOT NULL,
  `serie_boleta` varchar(4) NOT NULL,
  `nro_correlativo_venta` varchar(8) NOT NULL,
  `email` text NOT NULL
) ENGINE=InnoDB DEFAULT CHARSET=utf8 COLLATE=utf8_general_ci;

--
-- Volcado de datos para la tabla `empresa`
--

INSERT INTO `empresa` (`id_empresa`, `razon_social`, `ruc`, `direccion`, `marca`, `serie_boleta`, `nro_correlativo_venta`, `email`) VALUES
(1, 'Maga & Tito Market', 10467291241, 'Avenida Brasil 1347 - Jesus María', 'Maga & Tito Market', 'B001', '00000001', 'magaytito@gmail.com');

-- --------------------------------------------------------

--
-- Estructura de tabla para la tabla `modulos`
--

CREATE TABLE `modulos` (
  `id` int(11) NOT NULL,
  `modulo` varchar(45) DEFAULT NULL,
  `padre_id` int(11) DEFAULT NULL,
  `vista` varchar(45) DEFAULT NULL,
  `icon_menu` varchar(45) DEFAULT NULL,
  `fecha_creacion` datetime DEFAULT NULL,
  `fecha_actualizacion` timestamp NOT NULL DEFAULT current_timestamp() ON UPDATE current_timestamp(),
  `orden` decimal(10,0) DEFAULT NULL
) ENGINE=InnoDB DEFAULT CHARSET=utf8 COLLATE=utf8_general_ci;

--
-- Volcado de datos para la tabla `modulos`
--

INSERT INTO `modulos` (`id`, `modulo`, `padre_id`, `vista`, `icon_menu`, `fecha_creacion`, `fecha_actualizacion`, `orden`) VALUES
(1, 'Tablero Principal', 0, 'dashboard.php', 'fas fa-tachometer-alt', '2023-09-06 21:07:09', '2023-09-07 03:15:49', 0),
(2, 'Ventas', 0, '', 'fas fa-store-alt', '2023-09-06 21:07:32', '2023-09-07 22:58:21', 1),
(3, 'Punto de Venta', 2, 'ventas.php', 'far fa-circle', '2023-09-06 21:07:47', '2023-09-07 22:58:22', 2),
(4, 'Administrar Ventas', 2, 'administrar_ventas.php', 'far fa-circle', '2023-09-06 21:08:06', '2023-09-07 22:58:22', 3),
(5, 'Productos', 0, NULL, 'fas fa-cart-plus', '2023-09-06 21:08:27', '2023-09-07 22:58:22', 4),
(6, 'Inventario', 5, 'productos.php', 'far fa-circle', '2023-09-06 21:08:43', '2023-09-07 22:58:22', 5),
(7, 'Carga Masiva', 5, 'carga_masiva_productos.php', 'far fa-circle', '2023-09-06 21:09:06', '2023-09-07 22:58:22', 6),
(8, 'Categorías', 5, 'categorias.php', 'far fa-circle', '2023-09-06 21:09:21', '2023-09-07 22:58:22', 7),
(13, 'Módulos y perfiles', 0, 'modulos_perfiles.php', 'fas fa-tablet-alt', '2023-09-06 21:11:03', '2023-09-07 22:58:22', 12);

-- --------------------------------------------------------

--
-- Estructura de tabla para la tabla `perfiles`
--

CREATE TABLE `perfiles` (
  `id_perfil` int(11) NOT NULL,
  `descripcion` varchar(45) DEFAULT NULL,
  `estado` tinyint(4) DEFAULT NULL,
  `fecha_creacion` date DEFAULT NULL,
  `fecha_actualizacion` datetime DEFAULT NULL
) ENGINE=InnoDB DEFAULT CHARSET=utf8 COLLATE=utf8_general_ci;

--
-- Volcado de datos para la tabla `perfiles`
--

INSERT INTO `perfiles` (`id_perfil`, `descripcion`, `estado`, `fecha_creacion`, `fecha_actualizacion`) VALUES
(1, 'Administrador', 1, '2023-09-05', '2023-09-05 16:59:06'),
(2, 'Vendedor', 1, '2023-09-05', '2023-09-05 16:59:44');

-- --------------------------------------------------------

--
-- Estructura de tabla para la tabla `perfil_modulo`
--

CREATE TABLE `perfil_modulo` (
  `idperfil_modulo` int(11) NOT NULL,
  `id_perfil` int(11) DEFAULT NULL,
  `id_modulo` int(11) DEFAULT NULL,
  `vista_inicio` tinyint(4) DEFAULT NULL,
  `estado` tinyint(4) DEFAULT NULL
) ENGINE=InnoDB DEFAULT CHARSET=utf8 COLLATE=utf8_general_ci;

--
-- Volcado de datos para la tabla `perfil_modulo`
--

INSERT INTO `perfil_modulo` (`idperfil_modulo`, `id_perfil`, `id_modulo`, `vista_inicio`, `estado`) VALUES
(13, 1, 13, NULL, 1),
(135, 1, 1, 1, 1),
(136, 1, 3, 0, 1),
(137, 1, 2, 0, 1),
(138, 1, 4, 0, 1),
(139, 1, 6, 0, 1),
(140, 1, 5, 0, 1),
(141, 1, 7, 0, 1),
(142, 1, 8, 0, 1),
(143, 2, 3, 1, 1),
(144, 2, 2, 0, 1),
(145, 2, 8, 0, 1),
(146, 2, 5, 0, 1);

-- --------------------------------------------------------

--
-- Estructura de tabla para la tabla `productos`
--

CREATE TABLE `productos` (
  `id` int(11) NOT NULL,
  `codigo_producto` bigint(13) NOT NULL,
  `id_categoria_producto` int(11) DEFAULT NULL,
  `descripcion_producto` text DEFAULT NULL,
  `precio_compra_producto` float NOT NULL,
  `precio_venta_producto` float NOT NULL,
  `utilidad` float NOT NULL,
  `stock_producto` float DEFAULT NULL,
  `minimo_stock_producto` float DEFAULT NULL,
  `ventas_producto` float DEFAULT NULL,
  `fecha_creacion_producto` timestamp NOT NULL DEFAULT current_timestamp() ON UPDATE current_timestamp(),
  `fecha_actualizacion_producto` date DEFAULT NULL
) ENGINE=InnoDB DEFAULT CHARSET=utf8 COLLATE=utf8_spanish_ci;

-- --------------------------------------------------------

--
-- Estructura de tabla para la tabla `usuarios`
--

CREATE TABLE `usuarios` (
  `id_usuario` int(11) NOT NULL,
  `nombre_usuario` varchar(100) DEFAULT NULL,
  `apellido_usuario` varchar(100) DEFAULT NULL,
  `usuario` varchar(100) DEFAULT NULL,
  `clave` text DEFAULT NULL,
  `id_perfil_usuario` int(11) DEFAULT NULL,
  `estado` tinyint(4) DEFAULT NULL
) ENGINE=InnoDB DEFAULT CHARSET=utf8 COLLATE=utf8_general_ci;

--
-- Volcado de datos para la tabla `usuarios`
--

INSERT INTO `usuarios` (`id_usuario`, `nombre_usuario`, `apellido_usuario`, `usuario`, `clave`, `id_perfil_usuario`, `estado`) VALUES
(2, 'Juan', 'Espinoza', 'Jespinoza', '$2a$07$azybxcags23425sdg23sdeanQZqjaf6Birm2NvcYTNtJw24CsO5uq', 1, 1);

-- --------------------------------------------------------

--
-- Estructura de tabla para la tabla `venta_cabecera`
--

CREATE TABLE `venta_cabecera` (
  `id_boleta` int(11) NOT NULL,
  `nro_boleta` varchar(8) NOT NULL,
  `descripcion` text DEFAULT NULL,
  `subtotal` float NOT NULL,
  `igv` float NOT NULL,
  `total_venta` float DEFAULT NULL,
  `fecha_venta` timestamp NULL DEFAULT current_timestamp()
) ENGINE=InnoDB DEFAULT CHARSET=utf8 COLLATE=utf8_general_ci;

-- --------------------------------------------------------

--
-- Estructura de tabla para la tabla `venta_detalle`
--

CREATE TABLE `venta_detalle` (
  `id` int(11) NOT NULL,
  `nro_boleta` varchar(8) NOT NULL,
  `codigo_producto` bigint(20) NOT NULL,
  `cantidad` float NOT NULL,
  `total_venta` float NOT NULL,
  `fecha_venta` timestamp NOT NULL DEFAULT current_timestamp() ON UPDATE current_timestamp()
) ENGINE=InnoDB DEFAULT CHARSET=utf8 COLLATE=utf8_spanish_ci;

--
-- Índices para tablas volcadas
--

--
-- Indices de la tabla `categorias`
--
ALTER TABLE `categorias`
  ADD PRIMARY KEY (`id_categoria`);

--
-- Indices de la tabla `empresa`
--
ALTER TABLE `empresa`
  ADD PRIMARY KEY (`id_empresa`);

--
-- Indices de la tabla `modulos`
--
ALTER TABLE `modulos`
  ADD PRIMARY KEY (`id`);

--
-- Indices de la tabla `perfiles`
--
ALTER TABLE `perfiles`
  ADD PRIMARY KEY (`id_perfil`);

--
-- Indices de la tabla `perfil_modulo`
--
ALTER TABLE `perfil_modulo`
  ADD PRIMARY KEY (`idperfil_modulo`),
  ADD KEY `id_perfil` (`id_perfil`),
  ADD KEY `id_modulo` (`id_modulo`);

--
-- Indices de la tabla `productos`
--
ALTER TABLE `productos`
  ADD PRIMARY KEY (`id`,`codigo_producto`);

--
-- Indices de la tabla `usuarios`
--
ALTER TABLE `usuarios`
  ADD PRIMARY KEY (`id_usuario`),
  ADD KEY `id_perfil_usuario` (`id_perfil_usuario`);

--
-- Indices de la tabla `venta_cabecera`
--
ALTER TABLE `venta_cabecera`
  ADD PRIMARY KEY (`id_boleta`);

--
-- Indices de la tabla `venta_detalle`
--
ALTER TABLE `venta_detalle`
  ADD PRIMARY KEY (`id`);

--
-- AUTO_INCREMENT de las tablas volcadas
--

--
-- AUTO_INCREMENT de la tabla `categorias`
--
ALTER TABLE `categorias`
  MODIFY `id_categoria` int(11) NOT NULL AUTO_INCREMENT, AUTO_INCREMENT=2;

--
-- AUTO_INCREMENT de la tabla `empresa`
--
ALTER TABLE `empresa`
  MODIFY `id_empresa` int(11) NOT NULL AUTO_INCREMENT, AUTO_INCREMENT=2;

--
-- AUTO_INCREMENT de la tabla `modulos`
--
ALTER TABLE `modulos`
  MODIFY `id` int(11) NOT NULL AUTO_INCREMENT, AUTO_INCREMENT=16;

--
-- AUTO_INCREMENT de la tabla `perfiles`
--
ALTER TABLE `perfiles`
  MODIFY `id_perfil` int(11) NOT NULL AUTO_INCREMENT, AUTO_INCREMENT=3;

--
-- AUTO_INCREMENT de la tabla `perfil_modulo`
--
ALTER TABLE `perfil_modulo`
  MODIFY `idperfil_modulo` int(11) NOT NULL AUTO_INCREMENT, AUTO_INCREMENT=147;

--
-- AUTO_INCREMENT de la tabla `productos`
--
ALTER TABLE `productos`
  MODIFY `id` int(11) NOT NULL AUTO_INCREMENT, AUTO_INCREMENT=2;

--
-- AUTO_INCREMENT de la tabla `usuarios`
--
ALTER TABLE `usuarios`
  MODIFY `id_usuario` int(11) NOT NULL AUTO_INCREMENT, AUTO_INCREMENT=4;

--
-- AUTO_INCREMENT de la tabla `venta_cabecera`
--
ALTER TABLE `venta_cabecera`
  MODIFY `id_boleta` int(11) NOT NULL AUTO_INCREMENT;

--
-- AUTO_INCREMENT de la tabla `venta_detalle`
--
ALTER TABLE `venta_detalle`
  MODIFY `id` int(11) NOT NULL AUTO_INCREMENT;

--
-- Restricciones para tablas volcadas
--

--
-- Filtros para la tabla `perfil_modulo`
--
ALTER TABLE `perfil_modulo`
  ADD CONSTRAINT `id_modulo` FOREIGN KEY (`id_modulo`) REFERENCES `modulos` (`id`) ON DELETE NO ACTION ON UPDATE NO ACTION,
  ADD CONSTRAINT `id_perfil` FOREIGN KEY (`id_perfil`) REFERENCES `perfiles` (`id_perfil`) ON DELETE CASCADE ON UPDATE CASCADE;

--
-- Filtros para la tabla `usuarios`
--
ALTER TABLE `usuarios`
  ADD CONSTRAINT `usuarios_ibfk_1` FOREIGN KEY (`id_perfil_usuario`) REFERENCES `perfiles` (`id_perfil`);
COMMIT;

/*!40101 SET CHARACTER_SET_CLIENT=@OLD_CHARACTER_SET_CLIENT */;
/*!40101 SET CHARACTER_SET_RESULTS=@OLD_CHARACTER_SET_RESULTS */;
/*!40101 SET COLLATION_CONNECTION=@OLD_COLLATION_CONNECTION */;
